start,line_number,size,bug_type,approach,bug_snip
1567,94,80,Unchecked-Send,code snippet injection,"function bug_unchk_send9() payable public{
      msg.sender.transfer(1 ether);}
"
3528,208,81,Unchecked-Send,code snippet injection,"function bug_unchk_send26() payable public{
      msg.sender.transfer(1 ether);}
"
13893,666,81,Unchecked-Send,code snippet injection,"function bug_unchk_send14() payable public{
      msg.sender.transfer(1 ether);}
"
9652,500,81,Unchecked-Send,code snippet injection,"function bug_unchk_send12() payable public{
      msg.sender.transfer(1 ether);}
"
14611,669,81,Unchecked-Send,code snippet injection,"function bug_unchk_send29() payable public{
      msg.sender.transfer(1 ether);}
"
6439,349,80,Unchecked-Send,code snippet injection,"function bug_unchk_send6() payable public{
      msg.sender.transfer(1 ether);}
"
