start,line_number,size,bug_type,approach,bug_snip
7476,362,80,Unchecked-Send,code snippet injection,"function bug_unchk_send1() payable public{
      msg.sender.transfer(1 ether);}
"
7821,386,80,Unchecked-Send,code snippet injection,"function bug_unchk_send6() payable public{
      msg.sender.transfer(1 ether);}
"
6877,320,81,Unchecked-Send,code snippet injection,"function bug_unchk_send23() payable public{
      msg.sender.transfer(1 ether);}
"
8172,400,81,Unchecked-Send,code snippet injection,"function bug_unchk_send22() payable public{
      msg.sender.transfer(1 ether);}
"
9473,459,81,Unchecked-Send,code snippet injection,"function bug_unchk_send12() payable public{
      msg.sender.transfer(1 ether);}
"
9930,462,81,Unchecked-Send,code snippet injection,"function bug_unchk_send25() payable public{
      msg.sender.transfer(1 ether);}
"
