start,line_number,size,bug_type,approach,bug_snip
4922,223,125,Overflow-Underflow,code snippet injection,"function bug_intou16(uint8 p_intou16) public{
    uint8 vundflw1=0;
    vundflw1 = vundflw1 + p_intou16;   // overflow bug
}
"
4593,204,401,Overflow-Underflow,code snippet injection,"mapping(address => uint) public lockTime_intou25;

function increaseLockTime_intou25(uint _secondsToIncrease) public {
        lockTime_intou25[msg.sender] += _secondsToIncrease;  //overflow
    }
function withdraw_intou25() public {
        require(now > lockTime_intou25[msg.sender]);    
        uint transferValue_intou25 = 10;           
        msg.sender.transfer(transferValue_intou25);
    }
"
