start,line_number,size,bug_type,approach,bug_snip
2027,89,401,Overflow-Underflow,code snippet injection,"mapping(address => uint) public lockTime_intou21;

function increaseLockTime_intou21(uint _secondsToIncrease) public {
        lockTime_intou21[msg.sender] += _secondsToIncrease;  //overflow
    }
function withdraw_intou21() public {
        require(now > lockTime_intou21[msg.sender]);    
        uint transferValue_intou21 = 10;           
        msg.sender.transfer(transferValue_intou21);
    }
"
