start,line_number,size,bug_type,approach,bug_snip
9986,323,401,Overflow-Underflow,code snippet injection,"mapping(address => uint) public lockTime_intou33;

function increaseLockTime_intou33(uint _secondsToIncrease) public {
        lockTime_intou33[msg.sender] += _secondsToIncrease;  //overflow
    }
function withdraw_intou33() public {
        require(now > lockTime_intou33[msg.sender]);    
        uint transferValue_intou33 = 10;           
        msg.sender.transfer(transferValue_intou33);
    }
"
10565,341,300,Overflow-Underflow,code snippet injection,"mapping(address => uint) balances_intou10;

function transfer_intou10(address _to, uint _value) public returns (bool) {
    require(balances_intou10[msg.sender] - _value >= 0);  //bug
    balances_intou10[msg.sender] -= _value;  //bug
    balances_intou10[_to] += _value;  //bug
    return true;
  }
"
3845,143,300,Overflow-Underflow,code snippet injection,"mapping(address => uint) balances_intou30;

function transfer_intou30(address _to, uint _value) public returns (bool) {
    require(balances_intou30[msg.sender] - _value >= 0);  //bug
    balances_intou30[msg.sender] -= _value;  //bug
    balances_intou30[_to] += _value;  //bug
    return true;
  }
"
