start,line_number,size,bug_type,approach,bug_snip
474,39,300,Overflow-Underflow,code snippet injection,"mapping(address => uint) balances_intou22;

function transfer_intou22(address _to, uint _value) public returns (bool) {
    require(balances_intou22[msg.sender] - _value >= 0);  //bug
    balances_intou22[msg.sender] -= _value;  //bug
    balances_intou22[_to] += _value;  //bug
    return true;
  }
"
10848,472,125,Overflow-Underflow,code snippet injection,"function bug_intou16(uint8 p_intou16) public{
    uint8 vundflw1=0;
    vundflw1 = vundflw1 + p_intou16;   // overflow bug
}
"
11301,493,300,Overflow-Underflow,code snippet injection,"mapping(address => uint) balances_intou34;

function transfer_intou34(address _to, uint _value) public returns (bool) {
    require(balances_intou34[msg.sender] - _value >= 0);  //bug
    balances_intou34[msg.sender] -= _value;  //bug
    balances_intou34[_to] += _value;  //bug
    return true;
  }
"
832,55,125,Overflow-Underflow,code snippet injection,"function bug_intou20(uint8 p_intou20) public{
    uint8 vundflw1=0;
    vundflw1 = vundflw1 + p_intou20;   // overflow bug
}
"
