start,line_number,size,bug_type,approach,bug_snip
567,20,394,Overflow-Underflow,code snippet injection,"mapping(address => uint) public lockTime_intou9;

function increaseLockTime_intou9(uint _secondsToIncrease) public {
        lockTime_intou9[msg.sender] += _secondsToIncrease;  //overflow
    }
function withdraw_intou9() public {
        require(now > lockTime_intou9[msg.sender]);    
        uint transferValue_intou9 = 10;           
        msg.sender.transfer(transferValue_intou9);
    }
"
