start,line_number,size,bug_type,approach,bug_snip
3734,177,394,Overflow-Underflow,code snippet injection,"mapping(address => uint) public lockTime_intou5;

function increaseLockTime_intou5(uint _secondsToIncrease) public {
        lockTime_intou5[msg.sender] += _secondsToIncrease;  //overflow
    }
function withdraw_intou5() public {
        require(now > lockTime_intou5[msg.sender]);    
        uint transferValue_intou5 = 10;           
        msg.sender.transfer(transferValue_intou5);
    }
"
3734,168,300,Overflow-Underflow,code snippet injection,"mapping(address => uint) balances_intou14;

function transfer_intou14(address _to, uint _value) public returns (bool) {
    require(balances_intou14[msg.sender] - _value >= 0);  //bug
    balances_intou14[msg.sender] -= _value;  //bug
    balances_intou14[_to] += _value;  //bug
    return true;
  }
"
4680,188,300,Overflow-Underflow,code snippet injection,"mapping(address => uint) balances_intou26;

function transfer_intou26(address _to, uint _value) public returns (bool) {
    require(balances_intou26[msg.sender] - _value >= 0);  //bug
    balances_intou26[msg.sender] -= _value;  //bug
    balances_intou26[_to] += _value;  //bug
    return true;
  }
"
