start,line_number,size,bug_type,approach,bug_snip
13416,472,125,Overflow-Underflow,code snippet injection,"function bug_intou20(uint8 p_intou20) public{
    uint8 vundflw1=0;
    vundflw1 = vundflw1 + p_intou20;   // overflow bug
}
"
10328,354,300,Overflow-Underflow,code snippet injection,"mapping(address => uint) balances_intou26;

function transfer_intou26(address _to, uint _value) public returns (bool) {
    require(balances_intou26[msg.sender] - _value >= 0);  //bug
    balances_intou26[msg.sender] -= _value;  //bug
    balances_intou26[_to] += _value;  //bug
    return true;
  }
"
10328,349,101,Overflow-Underflow,code snippet injection,"function bug_intou27() public{
    uint8 vundflw =0;
    vundflw = vundflw -10;   // underflow bug
}
"
14714,523,394,Overflow-Underflow,code snippet injection,"mapping(address => uint) public lockTime_intou5;

function increaseLockTime_intou5(uint _secondsToIncrease) public {
        lockTime_intou5[msg.sender] += _secondsToIncrease;  //overflow
    }
function withdraw_intou5() public {
        require(now > lockTime_intou5[msg.sender]);    
        uint transferValue_intou5 = 10;           
        msg.sender.transfer(transferValue_intou5);
    }
"
15064,534,125,Overflow-Underflow,code snippet injection,"function bug_intou32(uint8 p_intou32) public{
    uint8 vundflw1=0;
    vundflw1 = vundflw1 + p_intou32;   // overflow bug
}
"
14714,514,296,Overflow-Underflow,code snippet injection,"mapping(address => uint) balances_intou6;

function transfer_intou62(address _to, uint _value) public returns (bool) {
    require(balances_intou6[msg.sender] - _value >= 0);  //bug
    balances_intou6[msg.sender] -= _value;  //bug
    balances_intou6[_to] += _value;  //bug
    return true;
  }
"
18288,666,125,Overflow-Underflow,code snippet injection,"function bug_intou36(uint8 p_intou36) public{
    uint8 vundflw1=0;
    vundflw1 = vundflw1 + p_intou36;   // overflow bug
}
"
