start,line_number,size,bug_type,approach,bug_snip
742,54,298,Overflow-Underflow,code snippet injection,"mapping(address => uint) balances_intou2;

function transfer_undrflow2(address _to, uint _value) public returns (bool) {
    require(balances_intou2[msg.sender] - _value >= 0);  //bug
    balances_intou2[msg.sender] -= _value;  //bug
    balances_intou2[_to] += _value;  //bug
    return true;
  }
"
875,63,300,Overflow-Underflow,code snippet injection,"mapping(address => uint) balances_intou10;

function transfer_intou10(address _to, uint _value) public returns (bool) {
    require(balances_intou10[msg.sender] - _value >= 0);  //bug
    balances_intou10[msg.sender] -= _value;  //bug
    balances_intou10[_to] += _value;  //bug
    return true;
  }
"
3688,211,300,Overflow-Underflow,code snippet injection,"mapping(address => uint) balances_intou30;

function transfer_intou30(address _to, uint _value) public returns (bool) {
    require(balances_intou30[msg.sender] - _value >= 0);  //bug
    balances_intou30[msg.sender] -= _value;  //bug
    balances_intou30[_to] += _value;  //bug
    return true;
  }
"
