start,line_number,size,bug_type,approach,bug_snip
9403,469,296,Overflow-Underflow,code snippet injection,"mapping(address => uint) balances_intou6;

function transfer_intou62(address _to, uint _value) public returns (bool) {
    require(balances_intou6[msg.sender] - _value >= 0);  //bug
    balances_intou6[msg.sender] -= _value;  //bug
    balances_intou6[_to] += _value;  //bug
    return true;
  }
"
8449,415,101,Overflow-Underflow,code snippet injection,"function bug_intou39() public{
    uint8 vundflw =0;
    vundflw = vundflw -10;   // underflow bug
}
"
14816,657,125,Overflow-Underflow,code snippet injection,"function bug_intou12(uint8 p_intou12) public{
    uint8 vundflw1=0;
    vundflw1 = vundflw1 + p_intou12;   // overflow bug
}
"
7747,354,125,Overflow-Underflow,code snippet injection,"function bug_intou24(uint8 p_intou24) public{
    uint8 vundflw1=0;
    vundflw1 = vundflw1 + p_intou24;   // overflow bug
}
"
8443,399,101,Overflow-Underflow,code snippet injection,"function bug_intou35() public{
    uint8 vundflw =0;
    vundflw = vundflw -10;   // underflow bug
}
"
7435,331,101,Overflow-Underflow,code snippet injection,"function bug_intou15() public{
    uint8 vundflw =0;
    vundflw = vundflw -10;   // underflow bug
}
"
