start,line_number,size,bug_type,approach,bug_snip
3259,150,296,Overflow-Underflow,code snippet injection,"mapping(address => uint) balances_intou6;

function transfer_intou62(address _to, uint _value) public returns (bool) {
    require(balances_intou6[msg.sender] - _value >= 0);  //bug
    balances_intou6[msg.sender] -= _value;  //bug
    balances_intou6[_to] += _value;  //bug
    return true;
  }
"
2611,131,125,Overflow-Underflow,code snippet injection,"function bug_intou28(uint8 p_intou28) public{
    uint8 vundflw1=0;
    vundflw1 = vundflw1 + p_intou28;   // overflow bug
}
"
