start,line_number,size,bug_type,approach,bug_snip
3905,171,401,Overflow-Underflow,code snippet injection,"mapping(address => uint) public lockTime_intou25;

function increaseLockTime_intou25(uint _secondsToIncrease) public {
        lockTime_intou25[msg.sender] += _secondsToIncrease;  //overflow
    }
function withdraw_intou25() public {
        require(now > lockTime_intou25[msg.sender]);    
        uint transferValue_intou25 = 10;           
        msg.sender.transfer(transferValue_intou25);
    }
"
5869,263,300,Overflow-Underflow,code snippet injection,"mapping(address => uint) balances_intou18;

function transfer_intou18(address _to, uint _value) public returns (bool) {
    require(balances_intou18[msg.sender] - _value >= 0);  //bug
    balances_intou18[msg.sender] -= _value;  //bug
    balances_intou18[_to] += _value;  //bug
    return true;
  }
"
