start,line_number,size,bug_type,approach,bug_snip
1183,51,396,Overflow-Underflow,code snippet injection,"mapping(address => uint) public lockTime_intou1;

function increaseLockTime_intou1(uint _secondsToIncrease) public {
        lockTime_intou1[msg.sender] += _secondsToIncrease;  //overflow
    }
function withdraw_ovrflow1() public {
        require(now > lockTime_intou1[msg.sender]);    
        uint transferValue_intou1 = 10;           
        msg.sender.transfer(transferValue_intou1);
    }
"
