start,line_number,size,bug_type,approach,bug_snip
2842,121,401,Overflow-Underflow,code snippet injection,"mapping(address => uint) public lockTime_intou33;

function increaseLockTime_intou33(uint _secondsToIncrease) public {
        lockTime_intou33[msg.sender] += _secondsToIncrease;  //overflow
    }
function withdraw_intou33() public {
        require(now > lockTime_intou33[msg.sender]);    
        uint transferValue_intou33 = 10;           
        msg.sender.transfer(transferValue_intou33);
    }
"
