start,line_number,size,bug_type,approach,bug_snip
5784,256,296,Overflow-Underflow,code snippet injection,"mapping(address => uint) balances_intou6;

function transfer_intou62(address _to, uint _value) public returns (bool) {
    require(balances_intou6[msg.sender] - _value >= 0);  //bug
    balances_intou6[msg.sender] -= _value;  //bug
    balances_intou6[_to] += _value;  //bug
    return true;
  }
"
7016,291,101,Overflow-Underflow,code snippet injection,"function bug_intou23() public{
    uint8 vundflw =0;
    vundflw = vundflw -10;   // underflow bug
}
"
412,35,101,Overflow-Underflow,code snippet injection,"function bug_intou35() public{
    uint8 vundflw =0;
    vundflw = vundflw -10;   // underflow bug
}
"
