start,line_number,size,bug_type,approach,bug_snip
6315,218,401,Overflow-Underflow,code snippet injection,"mapping(address => uint) public lockTime_intou17;

function increaseLockTime_intou17(uint _secondsToIncrease) public {
        lockTime_intou17[msg.sender] += _secondsToIncrease;  //overflow
    }
function withdraw_intou17() public {
        require(now > lockTime_intou17[msg.sender]);    
        uint transferValue_intou17 = 10;           
        msg.sender.transfer(transferValue_intou17);
    }
"
8732,271,401,Overflow-Underflow,code snippet injection,"mapping(address => uint) public lockTime_intou29;

function increaseLockTime_intou29(uint _secondsToIncrease) public {
        lockTime_intou29[msg.sender] += _secondsToIncrease;  //overflow
    }
function withdraw_intou29() public {
        require(now > lockTime_intou29[msg.sender]);    
        uint transferValue_intou29 = 10;           
        msg.sender.transfer(transferValue_intou29);
    }
"
9308,293,101,Overflow-Underflow,code snippet injection,"function bug_intou11() public{
    uint8 vundflw =0;
    vundflw = vundflw -10;   // underflow bug
}
"
