start,line_number,size,bug_type,approach,bug_snip
700,37,394,Timestamp-Dependency,code snippet injection,"function bug_tmstmp32 () public payable {
uint pastBlockTime_tmstmp32; // Forces one bet per block
require(msg.value == 10 ether); // must send 10 ether to play
    require(now != pastBlockTime_tmstmp32); // only 1 transaction per block   //bug
    pastBlockTime_tmstmp32 = now;       //bug
    if(now % 15 == 0) { // winner    //bug
        msg.sender.transfer(address(this).balance);
    }
}
"
