start,line_number,size,bug_type,approach,bug_snip
11372,458,158,Timestamp-Dependency,code snippet injection,"address winner_tmstmp14;
function play_tmstmp14(uint startTime) public {
	if (startTime + (5 * 1 days) == block.timestamp){
		winner_tmstmp14 = msg.sender;}}
"
14095,500,181,Timestamp-Dependency,code snippet injection,"address winner_tmstmp3;
function play_tmstmp3(uint startTime) public {
	uint _vtime = block.timestamp;
	if (startTime + (5 * 1 days) == _vtime){
		winner_tmstmp3 = msg.sender;
	}
}
"
9687,348,390,Timestamp-Dependency,code snippet injection,"function bug_tmstmp4 () public payable {
uint pastBlockTime_tmstmp4; // Forces one bet per block
require(msg.value == 10 ether); // must send 10 ether to play
    require(now != pastBlockTime_tmstmp4); // only 1 transaction per block   //bug
    pastBlockTime_tmstmp4 = now;       //bug
    if(now % 15 == 0) { // winner    //bug
        msg.sender.transfer(address(this).balance);
    }
}
"
14828,517,95,Timestamp-Dependency,code snippet injection,"function bug_tmstmp37() public view returns (bool) {
  return block.timestamp >= 1546300800;
}
"
19356,672,161,Timestamp-Dependency,code snippet injection,"address winner_tmstmp18;
function play_tmstmp18(uint startTime) public {
	if (startTime + (5 * 1 days) == block.timestamp){
		winner_tmstmp18 = msg.sender;
	}
}
"
20564,717,94,Timestamp-Dependency,code snippet injection,"function bug_tmstmp5() view public returns (bool) {
  return block.timestamp >= 1546300800;
}
"
8883,319,184,Timestamp-Dependency,code snippet injection,"address winner_tmstmp35;
function play_tmstmp35(uint startTime) public {
	uint _vtime = block.timestamp;
	if (startTime + (5 * 1 days) == _vtime){
		winner_tmstmp35 = msg.sender;
	}
}
"
