start,line_number,size,bug_type,approach,bug_snip
3057,167,184,Timestamp-Dependency,code snippet injection,"address winner_tmstmp27;
function play_tmstmp27(uint startTime) public {
	uint _vtime = block.timestamp;
	if (startTime + (5 * 1 days) == _vtime){
		winner_tmstmp27 = msg.sender;
	}
}
"
5370,242,158,Timestamp-Dependency,code snippet injection,"address winner_tmstmp14;
function play_tmstmp14(uint startTime) public {
	if (startTime + (5 * 1 days) == block.timestamp){
		winner_tmstmp14 = msg.sender;}}
"
