start,line_number,size,bug_type,approach,bug_snip
14684,699,390,Timestamp-Dependency,code snippet injection,"function bug_tmstmp8 () public payable {
uint pastBlockTime_tmstmp8; // Forces one bet per block
require(msg.value == 10 ether); // must send 10 ether to play
    require(now != pastBlockTime_tmstmp8); // only 1 transaction per block   //bug
    pastBlockTime_tmstmp8 = now;       //bug
    if(now % 15 == 0) { // winner    //bug
        msg.sender.transfer(address(this).balance);
    }
}
"
11488,596,161,Timestamp-Dependency,code snippet injection,"address winner_tmstmp10;
function play_tmstmp10(uint startTime) public {
	if (startTime + (5 * 1 days) == block.timestamp){
		winner_tmstmp10 = msg.sender;
	}
}
"
7297,386,94,Timestamp-Dependency,code snippet injection,"function bug_tmstmp9() public view returns (bool) {
  return block.timestamp >= 1546300800;
}
"
8534,443,161,Timestamp-Dependency,code snippet injection,"address winner_tmstmp30;
function play_tmstmp30(uint startTime) public {
	if (startTime + (5 * 1 days) == block.timestamp){
		winner_tmstmp30 = msg.sender;
	}
}
"
11083,568,161,Timestamp-Dependency,code snippet injection,"address winner_tmstmp18;
function play_tmstmp18(uint startTime) public {
	if (startTime + (5 * 1 days) == block.timestamp){
		winner_tmstmp18 = msg.sender;
	}
}
"
1995,103,394,Timestamp-Dependency,code snippet injection,"function bug_tmstmp32 () public payable {
uint pastBlockTime_tmstmp32; // Forces one bet per block
require(msg.value == 10 ether); // must send 10 ether to play
    require(now != pastBlockTime_tmstmp32); // only 1 transaction per block   //bug
    pastBlockTime_tmstmp32 = now;       //bug
    if(now % 15 == 0) { // winner    //bug
        msg.sender.transfer(address(this).balance);
    }
}
"
