start,line_number,size,bug_type,approach,bug_snip
587,40,161,Timestamp-Dependency,code snippet injection,"address winner_tmstmp10;
function play_tmstmp10(uint startTime) public {
	if (startTime + (5 * 1 days) == block.timestamp){
		winner_tmstmp10 = msg.sender;
	}
}
"
717,47,161,Timestamp-Dependency,code snippet injection,"address winner_tmstmp38;
function play_tmstmp38(uint startTime) public {
	if (startTime + (5 * 1 days) == block.timestamp){
		winner_tmstmp38 = msg.sender;
	}
}
"
4774,256,161,Timestamp-Dependency,code snippet injection,"address winner_tmstmp26;
function play_tmstmp26(uint startTime) public {
	if (startTime + (5 * 1 days) == block.timestamp){
		winner_tmstmp26 = msg.sender;
	}
}
"
10394,470,95,Timestamp-Dependency,code snippet injection,"function bug_tmstmp29() public view returns (bool) {
  return block.timestamp >= 1546300800;
}
"
