start,line_number,size,bug_type,approach,bug_snip
11591,357,390,Timestamp-Dependency,code snippet injection,"function bug_tmstmp4 () public payable {
uint pastBlockTime_tmstmp4; // Forces one bet per block
require(msg.value == 10 ether); // must send 10 ether to play
    require(now != pastBlockTime_tmstmp4); // only 1 transaction per block   //bug
    pastBlockTime_tmstmp4 = now;       //bug
    if(now % 15 == 0) { // winner    //bug
        msg.sender.transfer(address(this).balance);
    }
}
"
7438,237,161,Timestamp-Dependency,code snippet injection,"address winner_tmstmp26;
function play_tmstmp26(uint startTime) public {
	if (startTime + (5 * 1 days) == block.timestamp){
		winner_tmstmp26 = msg.sender;
	}
}
"
11753,350,158,Timestamp-Dependency,code snippet injection,"address winner_tmstmp2;
function play_tmstmp2(uint startTime) public {
	if (startTime + (5 * 1 days) == block.timestamp){
		winner_tmstmp2 = msg.sender;
	}
}
"
