start,line_number,size,bug_type,approach,bug_snip
1923,86,394,Timestamp-Dependency,code snippet injection,"function bug_tmstmp20 () public payable {
uint pastBlockTime_tmstmp20; // Forces one bet per block
require(msg.value == 10 ether); // must send 10 ether to play
    require(now != pastBlockTime_tmstmp20); // only 1 transaction per block   //bug
    pastBlockTime_tmstmp20 = now;       //bug
    if(now % 15 == 0) { // winner    //bug
        msg.sender.transfer(address(this).balance);
    }
}
"
3927,174,158,Timestamp-Dependency,code snippet injection,"address winner_tmstmp14;
function play_tmstmp14(uint startTime) public {
	if (startTime + (5 * 1 days) == block.timestamp){
		winner_tmstmp14 = msg.sender;}}
"
