start,line_number,size,bug_type,approach,bug_snip
3401,159,99,Timestamp-Dependency,code snippet injection,"function bug_tmstmp13() public view returns (bool) {
    return block.timestamp >= 1546300800;
  }
"
6051,261,184,Timestamp-Dependency,code snippet injection,"address winner_tmstmp27;
function play_tmstmp27(uint startTime) public {
	uint _vtime = block.timestamp;
	if (startTime + (5 * 1 days) == _vtime){
		winner_tmstmp27 = msg.sender;
	}
}
"
705,35,394,Timestamp-Dependency,code snippet injection,"function bug_tmstmp28 () public payable {
uint pastBlockTime_tmstmp28; // Forces one bet per block
require(msg.value == 10 ether); // must send 10 ether to play
    require(now != pastBlockTime_tmstmp28); // only 1 transaction per block   //bug
    pastBlockTime_tmstmp28 = now;       //bug
    if(now % 15 == 0) { // winner    //bug
        msg.sender.transfer(address(this).balance);
    }
}
"
