start,line_number,size,bug_type,approach,bug_snip
4875,189,184,Timestamp-Dependency,code snippet injection,"address winner_tmstmp39;
function play_tmstmp39(uint startTime) public {
	uint _vtime = block.timestamp;
	if (startTime + (5 * 1 days) == _vtime){
		winner_tmstmp39 = msg.sender;
	}
}
"
3179,130,161,Timestamp-Dependency,code snippet injection,"address winner_tmstmp18;
function play_tmstmp18(uint startTime) public {
	if (startTime + (5 * 1 days) == block.timestamp){
		winner_tmstmp18 = msg.sender;
	}
}
"
