start,line_number,size,bug_type,approach,bug_snip
581,29,161,Timestamp-Dependency,code snippet injection,"address winner_tmstmp18;
function play_tmstmp18(uint startTime) public {
	if (startTime + (5 * 1 days) == block.timestamp){
		winner_tmstmp18 = msg.sender;
	}
}
"
2099,85,394,Timestamp-Dependency,code snippet injection,"function bug_tmstmp36 () public payable {
uint pastBlockTime_tmstmp36; // Forces one bet per block
require(msg.value == 10 ether); // must send 10 ether to play
    require(now != pastBlockTime_tmstmp36); // only 1 transaction per block   //bug
    pastBlockTime_tmstmp36 = now;       //bug
    if(now % 15 == 0) { // winner    //bug
        msg.sender.transfer(address(this).balance);
    }
}
"
