start,line_number,size,bug_type,approach,bug_snip
3007,142,161,Timestamp-Dependency,code snippet injection,"address winner_tmstmp26;
function play_tmstmp26(uint startTime) public {
	if (startTime + (5 * 1 days) == block.timestamp){
		winner_tmstmp26 = msg.sender;
	}
}
"
5375,252,184,Timestamp-Dependency,code snippet injection,"address winner_tmstmp39;
function play_tmstmp39(uint startTime) public {
	uint _vtime = block.timestamp;
	if (startTime + (5 * 1 days) == _vtime){
		winner_tmstmp39 = msg.sender;
	}
}
"
