start,line_number,size,bug_type,approach,bug_snip
4653,200,181,Timestamp-Dependency,code snippet injection,"address winner_tmstmp7;
function play_tmstmp7(uint startTime) public {
	uint _vtime = block.timestamp;
	if (startTime + (5 * 1 days) == _vtime){
		winner_tmstmp7 = msg.sender;
	}
}
"
4819,208,184,Timestamp-Dependency,code snippet injection,"address winner_tmstmp19;
function play_tmstmp19(uint startTime) public {
	uint _vtime = block.timestamp;
	if (startTime + (5 * 1 days) == _vtime){
		winner_tmstmp19 = msg.sender;
	}
}
"
