start,line_number,size,bug_type,approach,bug_snip
4551,171,161,Timestamp-Dependency,code snippet injection,"address winner_tmstmp38;
function play_tmstmp38(uint startTime) public {
	if (startTime + (5 * 1 days) == block.timestamp){
		winner_tmstmp38 = msg.sender;
	}
}
"
4551,161,390,Timestamp-Dependency,code snippet injection,"function bug_tmstmp8 () public payable {
uint pastBlockTime_tmstmp8; // Forces one bet per block
require(msg.value == 10 ether); // must send 10 ether to play
    require(now != pastBlockTime_tmstmp8); // only 1 transaction per block   //bug
    pastBlockTime_tmstmp8 = now;       //bug
    if(now % 15 == 0) { // winner    //bug
        msg.sender.transfer(address(this).balance);
    }
}
"
