start,line_number,size,bug_type,approach,bug_snip
15212,656,192,tx-origin,code snippet injection,"function withdrawAll_txorigin34(address _recipient,address owner_txorigin34) public {
        require(tx.origin == owner_txorigin34);
        _recipient.transfer(address(this).balance);
    }
"
8138,368,159,tx-origin,code snippet injection,"function transferTo_txorigin27(address to, uint amount,address owner_txorigin27) public {
  require(tx.origin == owner_txorigin27);
  to.call.value(amount);
}
"
7531,328,118,tx-origin,code snippet injection,"    function bug_txorigin32(  address owner_txorigin32) public{
        require(tx.origin == owner_txorigin32);
    }
"
7531,323,164,tx-origin,code snippet injection,"function sendto_txorigin33(address receiver, uint amount,address owner_txorigin33) public {
	require (tx.origin == owner_txorigin33);
	receiver.transfer(amount);
}
"
8857,400,159,tx-origin,code snippet injection,"function transferTo_txorigin19(address to, uint amount,address owner_txorigin19) public {
  require(tx.origin == owner_txorigin19);
  to.call.value(amount);
}
"
8719,385,161,tx-origin,code snippet injection,"function sendto_txorigin9(address receiver, uint amount,address owner_txorigin9) public {
	require (tx.origin == owner_txorigin9);
	receiver.transfer(amount);
}
"
