start,line_number,size,bug_type,approach,bug_snip
4810,242,188,tx-origin,code snippet injection,"function withdrawAll_txorigin38(address _recipient,address owner_txorigin38) public {
        require(tx.origin == owner_txorigin38);
        _recipient.transfer(address(this).balance);
}
"
4189,194,192,tx-origin,code snippet injection,"function withdrawAll_txorigin34(address _recipient,address owner_txorigin34) public {
        require(tx.origin == owner_txorigin34);
        _recipient.transfer(address(this).balance);
    }
"
3302,157,161,tx-origin,code snippet injection,"function sendto_txorigin5(address receiver, uint amount,address owner_txorigin5) public {
	require (tx.origin == owner_txorigin5);
	receiver.transfer(amount);
}
"
