start,line_number,size,bug_type,approach,bug_snip
11594,353,156,tx-origin,code snippet injection,"function transferTo_txorigin3(address to, uint amount,address owner_txorigin3) public {
  require(tx.origin == owner_txorigin3);
  to.call.value(amount);
}
"
4542,183,192,tx-origin,code snippet injection,"function withdrawAll_txorigin22(address _recipient,address owner_txorigin22) public {
        require(tx.origin == owner_txorigin22);
        _recipient.transfer(address(this).balance);
    }
"
8292,261,161,tx-origin,code snippet injection,"function sendto_txorigin9(address receiver, uint amount,address owner_txorigin9) public {
	require (tx.origin == owner_txorigin9);
	receiver.transfer(amount);
}
"
