start,line_number,size,bug_type,approach,bug_snip
8117,440,159,tx-origin,code snippet injection,"function transferTo_txorigin27(address to, uint amount,address owner_txorigin27) public {
  require(tx.origin == owner_txorigin27);
  to.call.value(amount);
}
"
11948,604,159,tx-origin,code snippet injection,"function transferTo_txorigin35(address to, uint amount,address owner_txorigin35) public {
  require(tx.origin == owner_txorigin35);
  to.call.value(amount);
}
"
2286,132,164,tx-origin,code snippet injection,"function sendto_txorigin37(address receiver, uint amount,address owner_txorigin37) public {
	require (tx.origin == owner_txorigin37);
	receiver.transfer(amount);
}
"
2968,178,118,tx-origin,code snippet injection,"      function bug_txorigin40(address owner_txorigin40) public{
        require(tx.origin == owner_txorigin40);
    }
"
14234,651,192,tx-origin,code snippet injection,"function withdrawAll_txorigin10(address _recipient,address owner_txorigin10) public {
        require(tx.origin == owner_txorigin10);
        _recipient.transfer(address(this).balance);
    }
"
13405,609,116,tx-origin,code snippet injection,"  function bug_txorigin24(  address owner_txorigin24) public{
        require(tx.origin == owner_txorigin24);
    }
"
16523,728,159,tx-origin,code snippet injection,"function transferTo_txorigin15(address to, uint amount,address owner_txorigin15) public {
  require(tx.origin == owner_txorigin15);
  to.call.value(amount);
}
"
