start,line_number,size,bug_type,approach,bug_snip
6018,239,159,tx-origin,code snippet injection,"function transferTo_txorigin39(address to, uint amount,address owner_txorigin39) public {
  require(tx.origin == owner_txorigin39);
  to.call.value(amount);
}
"
8602,326,192,tx-origin,code snippet injection,"function withdrawAll_txorigin26(address _recipient,address owner_txorigin26) public {
        require(tx.origin == owner_txorigin26);
        _recipient.transfer(address(this).balance);
    }
"
2166,103,192,tx-origin,code snippet injection,"function withdrawAll_txorigin30(address _recipient,address owner_txorigin30) public {
        require(tx.origin == owner_txorigin30);
        _recipient.transfer(address(this).balance);
    }
"
