start,line_number,size,bug_type,approach,bug_snip
5985,256,118,tx-origin,code snippet injection,"    function bug_txorigin32(  address owner_txorigin32) public{
        require(tx.origin == owner_txorigin32);
    }
"
6447,260,192,tx-origin,code snippet injection,"function withdrawAll_txorigin34(address _recipient,address owner_txorigin34) public {
        require(tx.origin == owner_txorigin34);
        _recipient.transfer(address(this).balance);
    }
"
10138,401,159,tx-origin,code snippet injection,"function transferTo_txorigin15(address to, uint amount,address owner_txorigin15) public {
  require(tx.origin == owner_txorigin15);
  to.call.value(amount);
}
"
