start,line_number,size,bug_type,approach,bug_snip
335,25,366,Re-entrancy,code snippet injection,"mapping(address => uint) balances_re_ent3;
function withdrawFunds_re_ent3 (uint256 _weiToWithdraw) public {
        require(balances_re_ent3[msg.sender] >= _weiToWithdraw);
        // limit the withdrawal
        bool success = msg.sender.call.value(_weiToWithdraw)("""");
        require(success);  //bug
        balances_re_ent3[msg.sender] -= _weiToWithdraw;
    }
"
2322,96,266,Re-entrancy,code snippet injection,"address lastPlayer_re_ent9;
uint jackpot_re_ent9;
function buyTicket_re_ent9() public{
  bool success = lastPlayer_re_ent9.call.value(jackpot_re_ent9)("""");
  if (!success)
    revert();
  lastPlayer_re_ent9 = msg.sender;
  jackpot_re_ent9 = address(this).balance;
}
"
