start,line_number,size,bug_type,approach,bug_snip
3026,148,372,Re-entrancy,code snippet injection,"mapping(address => uint) redeemableEther_re_ent25;
function claimReward_re_ent25() public {        
    // ensure there is a reward to give
    require(redeemableEther_re_ent25[msg.sender] > 0);
    uint transferValue_re_ent25 = redeemableEther_re_ent25[msg.sender];
    msg.sender.transfer(transferValue_re_ent25);   //bug
    redeemableEther_re_ent25[msg.sender] = 0;
}
"
4277,190,240,Re-entrancy,code snippet injection,"address lastPlayer_re_ent16;
uint jackpot_re_ent16;
function buyTicket_re_ent16() public {
  if (!(lastPlayer_re_ent16.send(jackpot_re_ent16)))
    revert();
  lastPlayer_re_ent16 = msg.sender;
  jackpot_re_ent16 = address(this).balance;
}
"
