start,line_number,size,bug_type,approach,bug_snip
2538,127,192,Re-entrancy,code snippet injection,"uint256 counter_re_ent42 = 0;
function callme_re_ent42() public {
    require(counter_re_ent42<=5);
	if(!(msg.sender.send(10 ether))) {
        revert();
    }
    counter_re_ent42 += 1;
}   
"
629,36,193,Re-entrancy,code snippet injection,"mapping(address => uint) balances_re_ent36;
function withdraw_balances_re_ent36() public {
    if (msg.sender.send(balances_re_ent36[msg.sender]))
        balances_re_ent36[msg.sender] = 0;
}	
"
