start,line_number,size,bug_type,approach,bug_snip
3292,159,202,Re-entrancy,code snippet injection,"bool not_called_re_ent41 = true;
function bug_re_ent41() public{
    require(not_called_re_ent41);
    if( ! (msg.sender.send(1 ether) ) ){
        revert();
    }
    not_called_re_ent41 = false;
}   
"
4324,208,346,Re-entrancy,code snippet injection,"mapping(address => uint) userBalance_re_ent5;
function withdrawBalance_re_ent5() public {
    // send userBalance[msg.sender] ethers to msg.sender
    // if mgs.sender is a contract, it will call its fallback function
    if(!(msg.sender.send(userBalance_re_ent5[msg.sender]))){
        revert();
    }
    userBalance_re_ent5[msg.sender] = 0;
}
"
