start,line_number,size,bug_type,approach,bug_snip
6373,287,186,Re-entrancy,code snippet injection,"uint256 counter_re_ent7 =0;
function callme_re_ent7() public{
    require(counter_re_ent7<=5);
	if(!(msg.sender.send(10 ether))) {
        revert();
    }
    counter_re_ent7 += 1;
}   
"
7038,311,366,Re-entrancy,code snippet injection,"mapping(address => uint) balances_re_ent3;
function withdrawFunds_re_ent3 (uint256 _weiToWithdraw) public {
        require(balances_re_ent3[msg.sender] >= _weiToWithdraw);
        // limit the withdrawal
        bool success = msg.sender.call.value(_weiToWithdraw)("""");
        require(success);  //bug
        balances_re_ent3[msg.sender] -= _weiToWithdraw;
    }
"
4248,179,350,Re-entrancy,code snippet injection,"mapping(address => uint) userBalance_re_ent19;
function withdrawBalance_re_ent19() public{
    // send userBalance[msg.sender] ethers to msg.sender
    // if mgs.sender is a contract, it will call its fallback function
    if(!(msg.sender.send(userBalance_re_ent19[msg.sender]))) {
        revert();
    }
    userBalance_re_ent19[msg.sender] = 0;
}
"
