start,line_number,size,bug_type,approach,bug_snip
773,46,387,Re-entrancy,code snippet injection,"mapping(address => uint) userBalance_re_ent26;
function withdrawBalance_re_ent26() public{
    // send userBalance[msg.sender] ethers to msg.sender
    // if mgs.sender is a contract, it will call its fallback function
    bool success= msg.sender.call.value(userBalance_re_ent26[msg.sender])("""");
    if( ! success ){
        revert();
    }
    userBalance_re_ent26[msg.sender] = 0;
}
"
625,36,197,Re-entrancy,code snippet injection,"mapping(address => uint) balances_re_ent29;
function withdraw_balances_re_ent29() public {
    if (msg.sender.send(balances_re_ent29[msg.sender]))
        balances_re_ent29[msg.sender] = 0;
    }	
"
