start,line_number,size,bug_type,approach,bug_snip
4893,221,308,Re-entrancy,code snippet injection,"mapping(address => uint) balances_re_ent24;
function withdrawFunds_re_ent24 (uint256 _weiToWithdraw) public {
    require(balances_re_ent24[msg.sender] >= _weiToWithdraw);
    // limit the withdrawal
    require(msg.sender.send(_weiToWithdraw));  //bug
    balances_re_ent24[msg.sender] -= _weiToWithdraw;
}
"
441,25,372,Re-entrancy,code snippet injection,"mapping(address => uint) redeemableEther_re_ent39;
function claimReward_re_ent39() public {        
    // ensure there is a reward to give
    require(redeemableEther_re_ent39[msg.sender] > 0);
    uint transferValue_re_ent39 = redeemableEther_re_ent39[msg.sender];
    msg.sender.transfer(transferValue_re_ent39);   //bug
    redeemableEther_re_ent39[msg.sender] = 0;
}
"
