start,line_number,size,bug_type,approach,bug_snip
14814,710,227,Re-entrancy,code snippet injection,"mapping(address => uint) balances_re_ent1;
function withdraw_balances_re_ent1() public {
    bool success = msg.sender.call.value(balances_re_ent1[msg.sender])("""");
    if (success)
        balances_re_ent1[msg.sender] = 0;
}	
"
12146,611,308,Re-entrancy,code snippet injection,"mapping(address => uint) balances_re_ent24;
function withdrawFunds_re_ent24 (uint256 _weiToWithdraw) public {
    require(balances_re_ent24[msg.sender] >= _weiToWithdraw);
    // limit the withdrawal
    require(msg.sender.send(_weiToWithdraw));  //bug
    balances_re_ent24[msg.sender] -= _weiToWithdraw;
}
"
12707,631,186,Re-entrancy,code snippet injection,"uint256 counter_re_ent7 =0;
function callme_re_ent7() public{
    require(counter_re_ent7<=5);
	if(!(msg.sender.send(10 ether))) {
        revert();
    }
    counter_re_ent7 += 1;
}   
"
8657,470,240,Re-entrancy,code snippet injection,"address lastPlayer_re_ent16;
uint jackpot_re_ent16;
function buyTicket_re_ent16() public {
  if (!(lastPlayer_re_ent16.send(jackpot_re_ent16)))
    revert();
  lastPlayer_re_ent16 = msg.sender;
  jackpot_re_ent16 = address(this).balance;
}
"
8657,461,202,Re-entrancy,code snippet injection,"bool not_called_re_ent41 = true;
function bug_re_ent41() public{
    require(not_called_re_ent41);
    if( ! (msg.sender.send(1 ether) ) ){
        revert();
    }
    not_called_re_ent41 = false;
}   
"
1973,113,225,Re-entrancy,code snippet injection,"mapping(address => uint) balances_re_ent8;
function withdraw_balances_re_ent8() public {
    bool success = msg.sender.call.value(balances_re_ent8[msg.sender])("""");
    if(success)
        balances_re_ent8[msg.sender] = 0;
}
"
