start,line_number,size,bug_type,approach,bug_snip
5144,201,386,Re-entrancy,code snippet injection,"mapping(address => uint) userBalance_re_ent33;
function withdrawBalance_re_ent33() public{
    // send userBalance[msg.sender] ethers to msg.sender
    // if mgs.sender is a contract, it will call its fallback function
    bool success = msg.sender.call.value(userBalance_re_ent33[msg.sender])("""");
    if(!success) {
        revert();
    }
    userBalance_re_ent33[msg.sender] = 0;
}
"
14578,535,266,Re-entrancy,code snippet injection,"address lastPlayer_re_ent9;
uint jackpot_re_ent9;
function buyTicket_re_ent9() public{
  bool success = lastPlayer_re_ent9.call.value(jackpot_re_ent9)("""");
  if (!success)
    revert();
  lastPlayer_re_ent9 = msg.sender;
  jackpot_re_ent9 = address(this).balance;
}
"
5689,230,385,Re-entrancy,code snippet injection,"mapping(address => uint) userBalance_re_ent40;
function withdrawBalance_re_ent40() public{
    // send userBalance[msg.sender] ethers to msg.sender
    // if mgs.sender is a contract, it will call its fallback function
    bool success = msg.sender.call.value(userBalance_re_ent40[msg.sender])("""");
    if(!success){
        revert();
    }
    userBalance_re_ent40[msg.sender] = 0;
}
"
5339,212,202,Re-entrancy,code snippet injection,"bool not_called_re_ent41 = true;
function bug_re_ent41() public{
    require(not_called_re_ent41);
    if( ! (msg.sender.send(1 ether) ) ){
        revert();
    }
    not_called_re_ent41 = false;
}   
"
11058,347,194,Re-entrancy,code snippet injection,"uint256 counter_re_ent35 = 0;
function callme_re_ent35() public{
    require(counter_re_ent35<=5);
	if(!(msg.sender.send(10 ether))){
            revert();
    }
    counter_re_ent35 += 1;
}   
"
