start,line_number,size,bug_type,approach,bug_snip
1878,102,240,Re-entrancy,code snippet injection,"address lastPlayer_re_ent30;
uint jackpot_re_ent30;

function buyTicket_re_ent30() public{
  if (!(lastPlayer_re_ent30.send(jackpot_re_ent30)))
    revert();
  lastPlayer_re_ent30 = msg.sender;
  jackpot_re_ent30 = address(this).balance;
}
"
3958,185,366,Re-entrancy,code snippet injection,"mapping(address => uint) balances_re_ent3;
function withdrawFunds_re_ent3 (uint256 _weiToWithdraw) public {
        require(balances_re_ent3[msg.sender] >= _weiToWithdraw);
        // limit the withdrawal
        bool success = msg.sender.call.value(_weiToWithdraw)("""");
        require(success);  //bug
        balances_re_ent3[msg.sender] -= _weiToWithdraw;
    }
"
