start,line_number,size,bug_type,approach,bug_snip
3359,152,307,Re-entrancy,code snippet injection,"mapping(address => uint) balances_re_ent38;
function withdrawFunds_re_ent38(uint256 _weiToWithdraw) public {
    require(balances_re_ent38[msg.sender] >= _weiToWithdraw);
    // limit the withdrawal
    require(msg.sender.send(_weiToWithdraw));  //bug
    balances_re_ent38[msg.sender] -= _weiToWithdraw;
}
"
3163,139,225,Re-entrancy,code snippet injection,"mapping(address => uint) balances_re_ent8;
function withdraw_balances_re_ent8() public {
    bool success = msg.sender.call.value(balances_re_ent8[msg.sender])("""");
    if(success)
        balances_re_ent8[msg.sender] = 0;
}
"
