start,line_number,size,bug_type,approach,bug_snip
1598,78,366,Re-entrancy,code snippet injection,"mapping(address => uint) balances_re_ent3;
function withdrawFunds_re_ent3 (uint256 _weiToWithdraw) public {
        require(balances_re_ent3[msg.sender] >= _weiToWithdraw);
        // limit the withdrawal
        bool success = msg.sender.call.value(_weiToWithdraw)("""");
        require(success);  //bug
        balances_re_ent3[msg.sender] -= _weiToWithdraw;
    }
"
3380,151,239,Re-entrancy,code snippet injection,"address lastPlayer_re_ent23;
uint jackpot_re_ent23;
function buyTicket_re_ent23() public{
  if (!(lastPlayer_re_ent23.send(jackpot_re_ent23)))
    revert();
  lastPlayer_re_ent23 = msg.sender;
  jackpot_re_ent23 = address(this).balance;
}
"
1598,69,240,Re-entrancy,code snippet injection,"address lastPlayer_re_ent2;
uint jackpot_re_ent2;
function buyTicket_re_ent2() public{
    if (!(lastPlayer_re_ent2.send(jackpot_re_ent2)))
      revert();
    lastPlayer_re_ent2 = msg.sender;
    jackpot_re_ent2 = address(this).balance;
}
"
