start,line_number,size,bug_type,approach,bug_snip
4683,214,192,Re-entrancy,code snippet injection,"uint256 counter_re_ent42 = 0;
function callme_re_ent42() public {
    require(counter_re_ent42<=5);
	if(!(msg.sender.send(10 ether))) {
        revert();
    }
    counter_re_ent42 += 1;
}   
"
5555,261,195,Re-entrancy,code snippet injection,"bool not_called_re_ent6 = true;
function bug_re_ent6() public{
    require(not_called_re_ent6);
    if(!(msg.sender.send(1 ether))) {
        revert();
    }
    not_called_re_ent6 = false;
}   
"
