start,line_number,size,bug_type,approach,bug_snip
4029,140,233,Re-entrancy,code snippet injection,"bool not_called_re_ent13 = true;
function bug_re_ent13() public {
    require(not_called_re_ent13);
    bool success=msg.sender.call.value(1 ether)("""");
    if(!success){
        revert();
    }
    not_called_re_ent13 = false;
}   
"
5812,192,387,Re-entrancy,code snippet injection,"mapping(address => uint) userBalance_re_ent26;
function withdrawBalance_re_ent26() public{
    // send userBalance[msg.sender] ethers to msg.sender
    // if mgs.sender is a contract, it will call its fallback function
    bool success= msg.sender.call.value(userBalance_re_ent26[msg.sender])("""");
    if( ! success ){
        revert();
    }
    userBalance_re_ent26[msg.sender] = 0;
}
"
