start,line_number,size,bug_type,approach,bug_snip
5397,178,385,Re-entrancy,code snippet injection,"mapping(address => uint) userBalance_re_ent40;
function withdrawBalance_re_ent40() public{
    // send userBalance[msg.sender] ethers to msg.sender
    // if mgs.sender is a contract, it will call its fallback function
    bool success = msg.sender.call.value(userBalance_re_ent40[msg.sender])("""");
    if(!success){
        revert();
    }
    userBalance_re_ent40[msg.sender] = 0;
}
"
8859,275,225,Re-entrancy,code snippet injection,"mapping(address => uint) balances_re_ent8;
function withdraw_balances_re_ent8() public {
    bool success = msg.sender.call.value(balances_re_ent8[msg.sender])("""");
    if(success)
        balances_re_ent8[msg.sender] = 0;
}
"
