start,line_number,size,bug_type,approach,bug_snip
9086,447,366,Re-entrancy,code snippet injection,"mapping(address => uint) balances_re_ent3;
function withdrawFunds_re_ent3 (uint256 _weiToWithdraw) public {
        require(balances_re_ent3[msg.sender] >= _weiToWithdraw);
        // limit the withdrawal
        bool success = msg.sender.call.value(_weiToWithdraw)("""");
        require(success);  //bug
        balances_re_ent3[msg.sender] -= _weiToWithdraw;
    }
"
13971,646,232,Re-entrancy,code snippet injection,"mapping(address => uint) balances_re_ent21;
function withdraw_balances_re_ent21 () public {
    bool success= msg.sender.call.value(balances_re_ent21[msg.sender ])("""");
    if (success)
        balances_re_ent21[msg.sender] = 0;
}	
"
4530,252,307,Re-entrancy,code snippet injection,"mapping(address => uint) balances_re_ent31;
function withdrawFunds_re_ent31(uint256 _weiToWithdraw) public {
    require(balances_re_ent31[msg.sender] >= _weiToWithdraw);
    // limit the withdrawal
    require(msg.sender.send(_weiToWithdraw));  //bug
    balances_re_ent31[msg.sender] -= _weiToWithdraw;
}
"
11557,530,239,Re-entrancy,code snippet injection,"address lastPlayer_re_ent23;
uint jackpot_re_ent23;
function buyTicket_re_ent23() public{
  if (!(lastPlayer_re_ent23.send(jackpot_re_ent23)))
    revert();
  lastPlayer_re_ent23 = msg.sender;
  jackpot_re_ent23 = address(this).balance;
}
"
3708,203,387,Re-entrancy,code snippet injection,"mapping(address => uint) userBalance_re_ent26;
function withdrawBalance_re_ent26() public{
    // send userBalance[msg.sender] ethers to msg.sender
    // if mgs.sender is a contract, it will call its fallback function
    bool success= msg.sender.call.value(userBalance_re_ent26[msg.sender])("""");
    if( ! success ){
        revert();
    }
    userBalance_re_ent26[msg.sender] = 0;
}
"
8569,368,227,Re-entrancy,code snippet injection,"mapping(address => uint) balances_re_ent1;
function withdraw_balances_re_ent1() public {
    bool success = msg.sender.call.value(balances_re_ent1[msg.sender])("""");
    if (success)
        balances_re_ent1[msg.sender] = 0;
}	
"
