start,line_number,size,bug_type,approach,bug_snip
5929,366,346,Re-entrancy,code snippet injection,"mapping(address => uint) balances_re_ent17;
function withdrawFunds_re_ent17 (uint256 _weiToWithdraw) public {
    require(balances_re_ent17[msg.sender] >= _weiToWithdraw);
    // limit the withdrawal
    bool success = msg.sender.call.value(_weiToWithdraw)("""");
    require(success);  //bug
    balances_re_ent17[msg.sender] -= _weiToWithdraw;
}
"
2974,193,372,Re-entrancy,code snippet injection,"mapping(address => uint) redeemableEther_re_ent32;
function claimReward_re_ent32() public {        
    // ensure there is a reward to give
    require(redeemableEther_re_ent32[msg.sender] > 0);
    uint transferValue_re_ent32 = redeemableEther_re_ent32[msg.sender];
    msg.sender.transfer(transferValue_re_ent32);   //bug
    redeemableEther_re_ent32[msg.sender] = 0;
}
"
6760,375,186,Re-entrancy,code snippet injection,"uint256 counter_re_ent7 =0;
function callme_re_ent7() public{
    require(counter_re_ent7<=5);
	if(!(msg.sender.send(10 ether))) {
        revert();
    }
    counter_re_ent7 += 1;
}   
"
