start,line_number,size,bug_type,approach,bug_snip
5567,288,372,Re-entrancy,code snippet injection,"mapping(address => uint) redeemableEther_re_ent32;
function claimReward_re_ent32() public {        
    // ensure there is a reward to give
    require(redeemableEther_re_ent32[msg.sender] > 0);
    uint transferValue_re_ent32 = redeemableEther_re_ent32[msg.sender];
    msg.sender.transfer(transferValue_re_ent32);   //bug
    redeemableEther_re_ent32[msg.sender] = 0;
}
"
4891,265,365,Re-entrancy,code snippet injection,"mapping(address => uint) redeemableEther_re_ent4;
function claimReward_re_ent4() public {        
    // ensure there is a reward to give
    require(redeemableEther_re_ent4[msg.sender] > 0);
    uint transferValue_re_ent4 = redeemableEther_re_ent4[msg.sender];
    msg.sender.transfer(transferValue_re_ent4);   //bug
    redeemableEther_re_ent4[msg.sender] = 0;
}
"
4362,226,239,Re-entrancy,code snippet injection,"address lastPlayer_re_ent23;
uint jackpot_re_ent23;
function buyTicket_re_ent23() public{
  if (!(lastPlayer_re_ent23.send(jackpot_re_ent23)))
    revert();
  lastPlayer_re_ent23 = msg.sender;
  jackpot_re_ent23 = address(this).balance;
}
"
7494,334,193,Re-entrancy,code snippet injection,"mapping(address => uint) balances_re_ent36;
function withdraw_balances_re_ent36() public {
    if (msg.sender.send(balances_re_ent36[msg.sender]))
        balances_re_ent36[msg.sender] = 0;
}	
"
